instant,response_time,resolved_by_cloud
0.130686,0.12355184555053711,0
0.168205,0.14720988273620605,0
0.194587,0.1633014678955078,0
0.239372,0.23167920112609863,0
0.240347,0.22960948944091797,0
0.241735,0.22569775581359863,0
0.250657,0.24051928520202637,0
0.253018,0.24540281295776367,0
0.25966,0.21705150604248047,0
0.272418,0.22791123390197754,0
0.278305,0.25956010818481445,0
0.278596,0.2643284797668457,0
0.27908,0.2284708023071289,0
0.296937,0.2835373878479004,0
0.30463,0.2698531150817871,0
0.316235,0.2898139953613281,0
0.32655,0.29383254051208496,0
0.328233,0.2992126941680908,0
0.344618,0.3228621482849121,0
0.347645,0.33496642112731934,0
0.356856,0.34792566299438477,0
0.363372,0.3092813491821289,0
0.369063,0.3601541519165039,0
0.378678,0.3375213146209717,0
0.394519,0.37180376052856445,0
0.394963,0.3489198684692383,0
0.405041,0.36513185501098633,0
0.405244,0.3627641201019287,0
0.435099,0.418870210647583,0
0.435271,0.3468058109283447,0
0.441173,0.39058542251586914,0
0.445173,0.38747549057006836,0
0.446537,0.40070462226867676,0
0.446982,0.3898470401763916,0
0.447236,0.4225907325744629,0
0.448315,0.4046952724456787,0
0.466642,0.4207766056060791,0
0.467277,0.44077253341674805,0
0.46744,0.4592716693878174,0
0.467629,0.4361450672149658,0
0.467737,0.43268299102783203,0
0.47368,0.3934812545776367,0
0.473896,0.3941652774810791,0
0.474118,0.4291973114013672,0
0.4761,0.4348876476287842,0
0.480483,0.4698519706726074,0
0.493862,0.46354198455810547,0
0.496187,0.45323896408081055,0
0.506326,0.45467233657836914,0
0.508801,0.425152063369751,0
0.564769,0.46600842475891113,0
0.57436,0.43318653106689453,0
0.579882,0.48082423210144043,0
0.594315,0.5522091388702393,0
0.608314,0.4646146297454834,0
0.615069,0.3908998966217041,0
0.624667,0.566856861114502,0
0.625015,0.5680480003356934,0
0.62527,0.5755174160003662,0
0.628758,0.5414278507232666,0
0.630468,0.542149543762207,0
0.630759,0.4209573268890381,0
0.635841,0.6021404266357422,0
0.644349,0.4344809055328369,0
0.689349,0.6322541236877441,0
0.689968,0.5707273483276367,0
0.69098,0.4585866928100586,0
0.71435,0.5714199542999268,0
0.71461,0.572087287902832,0
0.74428,0.6911571025848389,0
0.744546,0.6938304901123047,0
0.744697,0.6607751846313477,0
0.74669,0.6952133178710938,0
0.750447,0.6315226554870605,0
0.751537,0.6310641765594482,0
0.755964,0.6352570056915283,0
0.77491,0.6756367683410645,0
0.7818,0.6929290294647217,0
0.794406,0.5844171047210693,0
0.794719,0.7539279460906982,0
0.795012,0.6324708461761475,0
0.799743,0.5820107460021973,0
0.800201,0.6111104488372803,0
0.800619,0.6593573093414307,0
0.803028,0.7034776210784912,0
0.809455,0.6680178642272949,0
0.815512,0.6745960712432861,0
0.828693,0.6993057727813721,0
0.839228,0.6073603630065918,0
0.854702,0.8115236759185791,0
0.85531,0.7133440971374512,0
0.869191,0.6366569995880127,0
0.869317,0.636345386505127,0
0.869478,0.6786189079284668,0
0.873339,0.7724795341491699,0
0.873688,0.7448410987854004,0
0.884343,0.8396022319793701,0
0.884539,0.643146276473999,0
0.896266,0.7998995780944824,0
0.899743,0.8038780689239502,0
0.901749,0.8130695819854736,0
0.904831,0.7021937370300293,0
0.91139,0.5948498249053955,0
0.915789,0.613018274307251,0
0.919365,0.6012780666351318,0
0.94484,0.7273237705230713,0
0.945016,0.720836877822876,0
0.945238,0.7058711051940918,0
0.950725,0.7063109874725342,0
0.953154,0.7101833820343018,0
0.9756,0.6755316257476807,0
0.975808,0.6720771789550781,0
0.976626,0.8579459190368652,0
0.98078,0.7423982620239258,0
0.980974,0.7411839962005615,0
0.988775,0.9198267459869385,0
0.999167,0.758324146270752,0
1.01687,0.7074370384216309,0
1.017028,0.814307689666748,0
1.017182,0.803391695022583,0
1.032678,0.8175344467163086,0
1.037133,0.8053956031799316,0
1.039054,0.9423186779022217,0
1.044928,0.9147849082946777,0
1.045443,0.8350167274475098,0
1.086379,0.9441149234771729,0
1.086585,0.9308159351348877,0
1.086863,0.9445228576660156,0
1.103085,0.8607232570648193,0
1.107393,0.8401508331298828,0
1.112128,0.8269901275634766,0
1.113883,0.8737907409667969,0
1.114193,0.971228837966919,0
1.114436,1.0005276203155518,0
1.114595,0.8725380897521973,0
1.119093,0.8892331123352051,0
1.146085,1.0027620792388916,0
1.146598,0.9059391021728516,0
1.147108,0.895493745803833,0
1.147564,0.9295508861541748,0
1.147872,0.9303297996520996,0
1.207789,1.0618078708648682,0
1.20949,0.8897702693939209,0
1.211621,0.9687094688415527,0
1.213955,0.9471769332885742,0
1.219743,1.0775258541107178,0
1.221139,0.9369184970855713,0
1.227029,1.0023572444915771,0
1.238291,1.0964059829711914,0
1.249327,0.9163973331451416,0
1.253942,1.1105246543884277,0
1.259799,1.1139662265777588,0
1.260318,0.9938380718231201,0
1.260794,1.0159199237823486,0
1.26116,0.9951572418212891,0
1.261929,0.9942524433135986,0
1.304359,1.1331288814544678,0
1.304557,1.1625328063964844,0
1.321771,1.158379077911377,0
1.335278,1.083737850189209,0
1.335904,1.0663375854492188,0
1.342301,1.053499460220337,0
1.342605,1.0508522987365723,0
1.342851,1.0422558784484863,0
1.343084,1.0542526245117188,0
1.34361,1.0762817859649658,0
1.344241,1.0747287273406982,0
1.347168,1.0178828239440918,0
1.347552,1.0230059623718262,0
1.348119,1.0140023231506348,0
1.34871,1.0159974098205566,0
1.387922,1.223900318145752,0
1.388085,1.0470342636108398,0
1.388292,1.061068058013916,0
1.388426,1.0631427764892578,0
1.398975,1.0503947734832764,0
1.416189,1.1117055416107178,0
1.416557,1.103456735610962,0
1.416744,1.0810596942901611,0
1.417802,1.1159594058990479,0
1.425837,1.3304791450500488,0
1.431583,1.3362467288970947,0
1.444528,1.3016467094421387,0
1.446813,1.1441702842712402,0
1.447142,1.1435089111328125,0
1.474604,1.3691420555114746,0
1.475094,1.339026689529419,0
1.475607,1.3458690643310547,0
1.476071,1.1740076541900635,0
1.493107,1.3789312839508057,0
1.499056,1.1587343215942383,0
1.514606,1.1454808712005615,0
1.52123,1.152620553970337,0
1.524266,1.1791331768035889,0
1.52443,1.221989631652832,0
1.538274,1.418823003768921,0
1.542117,1.2089152336120605,0
1.554387,1.3908278942108154,0
1.554651,1.2514641284942627,0
1.574622,1.2693336009979248,0
1.575576,1.242480754852295,0
1.5759,1.2506837844848633,0
1.576219,1.4787225723266602,0
1.589555,1.2409734725952148,0
1.61454,1.238023042678833,0
1.61497,1.2831571102142334,0
1.615492,1.3017933368682861,0
1.615891,1.26600980758667,0
1.619517,1.2934401035308838,0
1.631512,1.2536342144012451,0
1.633451,1.2844631671905518,0
1.634412,1.4547429084777832,0
1.648614,1.5342800617218018,0
1.650934,1.2326033115386963,0
1.657745,1.3082778453826904,0
1.663856,1.3618550300598145,0
1.67258,1.299523115158081,0
1.673374,1.485893726348877,0
1.676858,1.188816785812378,0
1.681677,1.3142154216766357,0
1.684092,1.3036186695098877,0
1.686339,1.1977314949035645,0
1.699906,1.3359193801879883,0
1.706773,1.5155129432678223,0
1.707556,1.5569572448730469,0
1.712803,1.557399034500122,0
1.714054,1.3847787380218506,0
1.721049,1.3452167510986328,0
1.73625,1.5574278831481934,0
1.740131,1.5836493968963623,0
1.741297,1.597898006439209,0
1.741436,1.5904428958892822,0
1.742505,1.4262773990631104,0
1.743107,1.4023432731628418,0
1.753873,1.4194648265838623,0
1.757468,1.3829293251037598,0
1.757641,1.3878169059753418,0
1.757855,1.3841376304626465,0
1.758001,1.3961272239685059,0
1.758137,1.3822202682495117,0
1.766145,1.438652753829956,0
1.792318,1.581955909729004,0
1.792501,1.578549861907959,0
1.792691,1.5615403652191162,0
1.804275,1.4277451038360596,0
1.804463,1.388382911682129,0
1.804672,1.3840384483337402,0
1.808461,1.4007439613342285,0
1.838738,1.6781747341156006,0
1.8389,1.6877062320709229,0
1.843876,1.679095983505249,0
1.848989,1.6942658424377441,0
1.872363,1.6973228454589844,0
1.880374,1.7158176898956299,0
1.904573,1.7256710529327393,0
1.911631,1.7493257522583008,0
1.928671,1.6861236095428467,0
1.932366,1.7710623741149902,0
1.953629,1.77903151512146,0
1.97438,1.8087804317474365,0
2.561077,0.0708310604095459,0
2.647491,0.14311981201171875,0
2.654503,0.22407865524291992,0
2.668195,0.24718880653381348,0
2.669449,0.2044999599456787,0
2.680093,0.26422667503356934,0
2.688217,0.3100590705871582,0
2.690901,0.22631597518920898,0
2.696763,0.31767892837524414,0
2.70651,0.2880821228027344,0
2.714389,0.30460643768310547,0
2.715864,0.2546818256378174,0
2.747655,0.240403413772583,0
2.753435,0.41344594955444336,0
2.753715,0.4029734134674072,0
2.753885,0.2827725410461426,0
2.755593,0.26489996910095215,0
2.764847,0.26944446563720703,0
2.767445,0.39038968086242676,0
2.76996,0.2833125591278076,0
2.772304,0.2978394031524658,0
2.777241,0.4096243381500244,0
2.783087,0.35817694664001465,0
2.79439,0.3845407962799072,0
2.794832,0.39429211616516113,0
2.802271,0.4180757999420166,0
2.803968,0.46140146255493164,0
2.805281,0.4534585475921631,0
2.809782,0.4718005657196045,0
2.810829,0.35704994201660156,0
2.817245,0.4289379119873047,0
2.821723,0.32752513885498047,0
2.843821,0.4132988452911377,0
2.852683,0.3788447380065918,0
2.853528,0.4169948101043701,0
2.86382,0.4003415107727051,0
2.870586,0.3837010860443115,0
2.872291,0.5192866325378418,0
2.886721,0.435244083404541,0
2.898133,0.45053648948669434,0
3.153959,0.11350488662719727,0
3.177454,0.16173982620239258,0
3.179975,0.11062312126159668,0
3.19062,0.13737773895263672,0
3.214572,0.16637492179870605,0
3.214748,0.16638565063476562,0
3.229953,0.18344807624816895,0
3.230543,0.2153940200805664,0
3.27282,0.2367696762084961,0
3.273136,0.21907424926757812,0
3.283095,0.2067091464996338,0
3.289295,0.24589776992797852,0
3.289612,0.26077747344970703,0
3.290363,0.2059009075164795,0
3.311564,0.25853657722473145,0
3.320371,0.26290416717529297,0
3.320496,0.24825263023376465,0
3.331251,0.2250807285308838,0
3.335649,0.24401068687438965,0
3.336056,0.28220701217651367,0
3.337287,0.27431654930114746,0
3.337493,0.2776029109954834,0
3.34132,0.1967334747314453,0
3.342725,0.29241347312927246,0
3.359243,0.27172088623046875,0
3.359526,0.299344539642334,0
3.373795,0.32538533210754395,0
3.380628,0.3010988235473633,0
3.39344,0.33966922760009766,0
3.477008,0.37587952613830566,0
3.52555,0.3431825637817383,0
3.534837,0.4705824851989746,0
3.535056,0.4753592014312744,0
3.535183,0.3908984661102295,0
3.535347,0.45103979110717773,0
3.539181,0.4255082607269287,0
3.540134,0.5172948837280273,0
3.540345,0.48605990409851074,0
3.540641,0.48041749000549316,0
3.540872,0.48684191703796387,0
3.584318,0.49329400062561035,0
3.584575,0.49307870864868164,0
3.585395,0.5745844841003418,0
3.585594,0.4407210350036621,0
3.58573,0.48423337936401367,0
3.585905,0.4411895275115967,0
3.610517,0.5956897735595703,0
3.610702,0.5673627853393555,0
3.61092,0.5573453903198242,0
3.611286,0.5832822322845459,0
3.611494,0.5052757263183594,0
3.611631,0.4646122455596924,0
3.611797,0.4485130310058594,0
3.616179,0.5622062683105469,0
3.616454,0.4715714454650879,0
3.61683,0.5602521896362305,0
3.617119,0.5572175979614258,0
3.630085,0.30407094955444336,0
3.643432,0.4730362892150879,0
3.644066,0.42972445487976074,0
3.669656,0.542992115020752,0
3.672189,0.5917723178863525,0
3.683695,0.5298850536346436,0
3.685043,0.5559713840484619,0
3.701812,0.6002910137176514,0
3.706832,0.5300722122192383,0
3.720022,0.5428647994995117,0
3.730355,0.6088156700134277,0
3.733966,0.5890593528747559,0
3.739812,0.6355135440826416,0
3.739984,0.6163766384124756,0
3.746308,0.5281081199645996,0
3.759333,0.5823385715484619,0
3.759517,0.6129164695739746,0
3.766623,0.5519745349884033,0
3.767219,0.5826327800750732,0
3.76782,0.5736746788024902,0
3.768326,0.5493957996368408,0
3.774335,0.6009070873260498,0
3.783794,0.6394121646881104,0
3.804355,0.6556708812713623,0
3.814274,0.6333394050598145,0
3.814442,0.5955572128295898,0
3.815094,0.6667625904083252,0
3.815234,0.6681528091430664,0
3.815403,0.47817301750183105,0
3.815524,0.46839404106140137,0
3.822781,0.6425929069519043,0
3.822916,0.6457529067993164,0
3.82402,0.605642557144165,0
3.829773,0.6654605865478516,0
3.840364,0.7597548961639404,0
3.840643,0.7138528823852539,0
3.841009,0.7660312652587891,0
3.841279,0.7397494316101074,0
3.842543,0.7258985042572021,0
3.843411,0.6611969470977783,0
3.847735,0.6983017921447754,0
3.854935,0.6072492599487305,0
3.86173,0.6772341728210449,0
3.864297,0.6999058723449707,0
3.868731,0.6865839958190918,0
3.868877,0.7094964981079102,0
3.874087,0.5432708263397217,0
3.874308,0.5869972705841064,0
3.877068,0.7054111957550049,0
3.878199,0.7332484722137451,0
3.880937,0.7268364429473877,0
3.885162,0.6585907936096191,0
3.889339,0.6467194557189941,0
3.894696,0.7498056888580322,0
3.895049,0.7305796146392822,0
3.895387,0.7127761840820312,0
3.902366,0.7198266983032227,0
3.906487,0.7352302074432373,0
3.915379,0.5812122821807861,0
3.929728,0.7382545471191406,0
3.93487,0.7955131530761719,0
3.936052,0.6218898296356201,0
3.942941,0.6553544998168945,0
3.949355,0.7670187950134277,0
3.955095,0.5376324653625488,0
3.962064,0.5178840160369873,0
3.975881,0.6538324356079102,0
3.978142,0.7924981117248535,0
3.978378,0.5585355758666992,0
3.987899,0.8054337501525879,0
3.990438,0.6205868721008301,0
3.996634,0.7424221038818359,0
4.014713,0.8003747463226318,0
4.019711,0.680992603302002,0
4.040654,0.8275330066680908,0
4.04947,0.7457845211029053,0
4.049789,0.7311713695526123,0
4.050054,0.815840482711792,0
4.050225,0.886577844619751,0
4.05641,0.839890718460083,0
4.061486,0.8611702919006348,0
4.067092,0.8484127521514893,0
4.07261,0.9082939624786377,0
4.104397,0.7857692241668701,0
4.106402,0.8722195625305176,0
4.107478,0.9287827014923096,0
4.11051,0.10134077072143555,0
4.110896,0.8406157493591309,0
4.111144,0.7803118228912354,0
4.119952,0.7400810718536377,0
4.134521,0.7471094131469727,0
4.134738,0.7673990726470947,0
4.134903,0.7111005783081055,0
4.135095,0.9109463691711426,0
4.136626,0.7584362030029297,0
4.14855,0.8782696723937988,0
4.175098,0.7510745525360107,0
4.195356,0.7755937576293945,0
4.221545,0.8921306133270264,0
4.221748,0.85906982421875,0
4.232596,0.18279671669006348,0
4.237201,0.8929860591888428,0
4.239585,0.9878232479095459,0
4.263737,1.0456171035766602,0
4.269235,0.9168217182159424,0
4.275535,0.8873112201690674,0
4.275727,0.9267284870147705,0
4.276127,0.9350345134735107,0
4.290671,1.077362060546875,0
4.291284,1.0765016078948975,0
4.298203,0.2533714771270752,0
4.310194,1.095768928527832,0
4.322717,1.0185019969940186,0
4.324235,0.9286165237426758,0
4.33405,1.0141637325286865,0
4.340033,0.2832913398742676,0
4.357726,1.1148772239685059,0
4.362488,1.0094974040985107,0
4.388746,1.1442110538482666,0
4.397341,1.0466370582580566,0
4.404146,0.30670595169067383,0
4.404337,0.31589746475219727,0
4.404547,0.9397001266479492,0
4.415483,1.0645098686218262,0
4.415697,1.0620954036712646,0
4.415811,1.0496525764465332,0
4.438137,1.2114434242248535,0
4.457275,1.0930726528167725,0
4.483538,0.4226365089416504,0
4.503704,1.1564805507659912,0
4.503909,0.4497098922729492,0
4.5043,0.42914438247680664,0
4.51659,1.0522029399871826,0
4.516767,0.35730457305908203,0
4.521781,1.0944478511810303,0
4.554406,0.45705223083496094,0
4.554618,1.2838962078094482,0
4.561952,1.1743462085723877,0
4.562164,1.1665709018707275,0
4.56239,1.1749794483184814,0
4.572803,1.325068712234497,0
4.574343,1.0983214378356934,0
4.574612,0.44663023948669434,0
4.574964,0.5628459453582764,0
4.57522,0.5308394432067871,0
4.57554,0.5419232845306396,0
4.585855,0.48154330253601074,0
4.586261,1.2849352359771729,0
4.586704,1.235459327697754,0
4.604747,1.1805531978607178,0
4.614569,1.3676812648773193,0
4.618926,0.12999391555786133,0
4.6355,1.2589073181152344,0
4.635722,1.2593715190887451,0
4.635955,1.2577908039093018,0
4.646885,0.5431110858917236,0
4.647085,0.5328750610351562,0
4.651437,1.348186731338501,0
4.651645,1.3663969039916992,0
4.651879,1.3847944736480713,0
4.656231,1.2085013389587402,0
4.659098,0.5573935508728027,0
4.673992,1.2267675399780273,0
4.712048,0.3419027328491211,0
4.713512,0.5541353225708008,0
4.715825,1.342893362045288,0
4.73069,0.5713911056518555,0
4.730905,0.5983157157897949,0
4.731135,0.5528037548065186,0
4.731303,0.6970939636230469,0
4.731484,0.6544876098632812,0
4.734384,1.2828915119171143,0
4.734573,1.3103992938995361,0
4.73736,1.2781307697296143,0
4.738253,1.4102892875671387,0
4.744551,0.6612329483032227,0
4.762211,1.3382806777954102,0
4.767188,1.3788676261901855,0
4.796617,1.3803279399871826,0
4.796791,1.3376386165618896,0
4.827344,0.457169771194458,0
4.874333,0.3700392246246338,0
4.897828,0.4386465549468994,0
4.911769,0.5235834121704102,0
4.915927,0.40460824966430664,0
4.932513,0.553457498550415,0
4.937464,0.5124061107635498,0
5.084187,0.04599952697753906,0
5.097003,0.0606989860534668,0
5.097516,0.07872748374938965,0
5.126073,0.07865095138549805,0
5.206621,0.12236857414245605,0
5.219508,0.16832828521728516,0
5.224993,0.11969614028930664,0
5.225193,0.1326920986175537,0
5.245869,0.17293071746826172,0
5.259782,0.08996725082397461,0
5.286492,0.2013254165649414,0
5.299803,0.20244550704956055,0
5.311601,0.2530784606933594,0
5.339269,0.12134337425231934,0
5.341424,0.2909119129180908,0
5.346694,0.23824000358581543,0
5.359097,0.1366255283355713,0
5.359258,0.2980635166168213,0
5.378748,0.29230690002441406,0
5.391674,0.17143583297729492,0
5.424295,0.3179306983947754,0
5.425987,0.3013937473297119,0
5.456163,0.28971195220947266,0
5.462531,0.21637821197509766,0
5.476849,0.2025606632232666,0
5.478524,0.24173355102539062,0
5.484961,0.3671839237213135,0
5.504404,0.32487988471984863,0
5.534453,0.39179515838623047,0
5.534754,0.35541605949401855,0
5.555377,0.33636045455932617,0
5.666721,0.2534332275390625,0
5.691386,0.4170384407043457,0
5.697515,0.4166078567504883,0
5.700846,0.24059033393859863,0
5.703378,0.3119504451751709,0
5.715136,0.43821001052856445,0
5.71859,0.34778523445129395,0
5.725293,0.32454419136047363,0
5.742557,0.5583329200744629,0
5.742854,0.557483434677124,0
5.747571,0.5133266448974609,0
5.75232,0.4658033847808838,0
5.757785,0.5121438503265381,0
5.758645,0.57562255859375,0
5.762446,0.2858128547668457,0
5.765612,0.4005131721496582,0
5.768799,0.3467710018157959,0
5.777503,0.37460780143737793,0
5.784734,0.3178558349609375,0
5.790898,0.3265063762664795,0
5.80177,0.4275693893432617,0
5.809773,0.311877965927124,0
5.819444,0.4462306499481201,0
5.829905,0.35567378997802734,0
5.851109,0.3910408020019531,0
5.852947,0.39910054206848145,0
5.853427,0.42746520042419434,0
5.855685,0.42470455169677734,0
5.856343,0.43058323860168457,0
5.863019,0.5728180408477783,0
5.869258,0.44342994689941406,0
5.86964,0.41479063034057617,0
5.879454,0.46021580696105957,0
5.880083,0.4578428268432617,0
5.891441,0.4657437801361084,0
5.89214,0.5136187076568604,0
5.90152,0.4829564094543457,0
5.901799,0.5121259689331055,0
5.903935,0.6659832000732422,0
5.913571,0.41976356506347656,0
5.919786,0.41397976875305176,0
5.923069,0.6146976947784424,0
5.926983,0.462813138961792,0
5.927334,0.6055788993835449,0
5.931729,0.5821466445922852,0
5.933956,0.5129008293151855,0
5.934151,0.6100256443023682,0
5.951886,0.6175899505615234,0
5.952407,0.5982327461242676,0
5.953554,0.46732139587402344,0
5.96079,0.48706626892089844,0
5.995342,0.6564264297485352,0
5.995536,0.6492583751678467,0
6.022512,0.6424520015716553,0
6.032203,0.680757999420166,0
6.059014,0.04657936096191406,0
6.060829,0.6986851692199707,0
6.096175,0.06500101089477539,0
6.105581,0.07999849319458008,0
6.105771,0.7435433864593506,0
6.138893,0.09224462509155273,0
6.139698,0.7622449398040771,0
6.170479,0.7506866455078125,0
6.205982,0.11860513687133789,0
6.218996,0.1320958137512207,0
6.224546,0.1903548240661621,0
6.252686,0.21729779243469238,0
6.275023,0.8266806602478027,0
6.276022,0.22462940216064453,0
6.293315,0.23259735107421875,0
6.293501,0.23126697540283203,0
6.323115,0.23510456085205078,0
6.344329,0.23914241790771484,0
6.355613,0.9652557373046875,0
6.356054,0.9642748832702637,0
6.356333,0.9501760005950928,0
6.356525,0.9650459289550781,0
6.380112,0.3317091464996338,0
6.388468,0.32761168479919434,0
6.394195,0.3383629322052002,0
6.394379,0.3329160213470459,0
6.407264,0.3654139041900635,0
6.407443,0.34436941146850586,0
6.407667,0.28804564476013184,0
6.420408,0.3783855438232422,0
6.420755,0.3367607593536377,0
6.421133,0.3338491916656494,0
6.425846,0.37210917472839355,0
6.426184,0.3724355697631836,0
6.426683,0.35152721405029297,0
6.427269,0.3229362964630127,0
6.431021,0.3685154914855957,0
6.431237,0.3802471160888672,0
6.434183,0.37459301948547363,0
6.453102,1.0397238731384277,0
6.453332,1.0391464233398438,0
6.453773,0.3309018611907959,0
6.464452,0.3659219741821289,0
6.464699,1.046219825744629,0
6.470875,0.30356836318969727,0
6.471056,0.37665510177612305,0
6.471437,0.31742072105407715,0
6.471312,0.3237946033477783,0
6.474666,0.3737611770629883,0
6.484497,0.39172959327697754,0
6.503317,0.34948158264160156,0
6.50361,0.36934423446655273,0
6.503942,0.4270927906036377,0
6.513838,0.40892815589904785,0
6.540498,0.36089515686035156,0
6.554459,0.33026933670043945,0
6.562493,0.4279026985168457,0
6.593795,0.4092893600463867,0
6.604523,0.38773584365844727,0
6.612153,0.4256260395050049,0
6.642814,0.5237507820129395,0
6.65541,0.5188233852386475,0
6.65712,0.47281599044799805,0
6.675969,0.6196389198303223,0
6.690919,0.5166103839874268,0
6.693347,0.5131101608276367,0
6.694297,0.5716292858123779,0
6.694526,0.39716458320617676,0
6.698329,0.46292972564697266,0
6.700219,0.4058239459991455,0
6.705902,0.6150751113891602,0
6.706109,0.5672307014465332,0
6.711531,0.5815334320068359,0
6.7117,0.557703971862793,0
6.717959,0.5705556869506836,0
6.718161,0.5642762184143066,0
6.7267,0.5900852680206299,0
6.737183,0.6801266670227051,0
6.737947,0.5832455158233643,0
6.741095,0.5865497589111328,0
6.74128,0.6171224117279053,0
6.746441,0.5921363830566406,0
6.746673,0.5071430206298828,0
6.746909,0.6125986576080322,0
6.747077,0.5861592292785645,0
6.75562,0.600745439529419,0
6.755829,0.562091588973999,0
6.764064,0.6344196796417236,0
6.771983,0.555281400680542,0
6.776973,0.5315537452697754,0
6.777139,0.5505714416503906,0
6.843503,0.6893420219421387,0
6.843749,0.7804305553436279,0
6.843916,0.6764564514160156,0
6.844102,0.7498068809509277,0
6.881167,0.7515041828155518,0
6.881359,0.7033717632293701,0
6.881563,0.7242889404296875,0
6.881701,0.7075326442718506,0
6.884279,0.6365740299224854,0
6.884466,0.7181596755981445,0
6.886583,0.7021842002868652,0
6.896423,0.6522648334503174,0
6.897499,0.7431292533874512,0
6.911044,0.7378883361816406,0
6.93506,0.7141945362091064,0
6.964403,0.7737054824829102,0
6.964589,0.7472739219665527,0
6.964764,0.7452268600463867,0
6.984344,0.7454788684844971,0
6.984499,0.7502233982086182,0
6.984666,0.6780698299407959,0
7.004053,0.7713425159454346,0
7.033732,0.7251465320587158,0
7.053181,0.8239762783050537,0
7.063432,0.04630541801452637,0
7.064753,0.7143239974975586,0
7.109543,0.06182742118835449,0
7.114143,0.7499451637268066,0
7.120769,0.8854451179504395,0
7.13525,0.07296156883239746,0
7.147089,0.8913440704345703,0
7.163492,0.8290612697601318,0
7.163655,0.9441497325897217,0
7.203103,0.8477261066436768,0
7.203331,0.9301526546478271,0
7.203476,0.9054124355316162,0
7.207343,0.11862039566040039,0
7.222754,0.13632917404174805,0
7.226717,0.9742403030395508,0
7.228944,0.8698470592498779,0
7.231885,0.9232392311096191,0
7.270293,0.8822128772735596,0
7.298023,0.20718669891357422,0
7.329463,0.22481513023376465,0
7.335099,0.9887151718139648,0
7.364758,1.0801265239715576,0
7.365354,0.974952220916748,0
7.365608,0.9877691268920898,0
7.40355,0.9809901714324951,0
7.410123,0.2538309097290039,0
7.410865,1.0195279121398926,0
7.430991,1.0617213249206543,0
7.435608,0.32033681869506836,0
7.436137,1.1134922504425049,0
7.440321,0.3047945499420166,0
7.479591,1.0530099868774414,0
7.49327,1.093599796295166,0
7.534317,1.0898194313049316,0
7.534516,1.079146146774292,0
7.544258,1.1301064491271973,0
7.554257,0.38584399223327637,0
7.554801,0.3780231475830078,0
7.562686,0.3857853412628174,0
7.593229,0.5796849727630615,0
7.599298,1.1700201034545898,0
7.615046,0.43078088760375977,0
7.642337,0.6279420852661133,0
7.653109,0.46765708923339844,0
7.669905,0.23982572555541992,0
7.676906,0.20798969268798828,0
7.703322,0.20614933967590332,0
7.708574,0.23871946334838867,0
7.7135,0.20471930503845215,0
7.714345,0.2510395050048828,0
7.718012,0.25459980964660645,0
7.721108,0.7014610767364502,0
7.721259,0.6798563003540039,0
7.721447,0.6652781963348389,0
7.73946,0.3571314811706543,0
7.74531,0.32396602630615234,0
7.748158,0.3226335048675537,0
7.764221,0.31040310859680176,0
7.768032,0.2900969982147217,0
7.777829,0.541309118270874,0
7.791709,0.31230759620666504,0
7.810283,0.6181619167327881,0
7.81415,0.38857030868530273,0
7.825462,0.44335246086120605,0
7.836362,0.42809176445007324,0
7.847756,0.4079461097717285,0
7.874123,0.5999312400817871,0
7.883253,0.6751408576965332,0
7.906849,0.661616325378418,0
8.002023,0.7193641662597656,0
8.008438,0.7357032299041748,0
8.022561,0.778313398361206,0
8.060156,0.03929495811462402,0
8.069356,0.7617089748382568,0
8.112595,0.04572105407714844,0
8.126369,0.062009572982788086,0
8.144545,0.09110260009765625,0
8.150588,0.11431407928466797,0
8.209394,0.15873932838439941,0
8.227416,0.8967299461364746,0
8.227646,0.929978609085083,0
8.227811,0.928351879119873,0
8.262432,0.20322942733764648,0
8.262699,0.9348039627075195,0
8.273017,0.21597981452941895,0
8.289568,0.23403525352478027,0
8.290095,0.2677185535430908,0
8.298065,0.9650492668151855,0
8.305046,0.27774596214294434,0
8.305211,0.24094748497009277,0
8.3054,0.21108293533325195,0
8.305545,0.2672848701477051,0
8.308794,0.21889519691467285,0
8.311049,0.23116064071655273,0
8.341794,0.2872781753540039,0
8.344266,0.25592827796936035,0
8.355042,0.266756534576416,0
8.376311,0.282804012298584,0
8.426144,0.32491302490234375,0
8.426838,0.30406737327575684,0
8.436441,0.3757944107055664,0
8.442503,0.3787565231323242,0
8.442684,0.27400851249694824,0
8.45549,0.40128517150878906,0
8.514314,0.46035170555114746,0
8.518302,0.418363094329834,0
8.518498,0.36844515800476074,0
8.518715,0.3505978584289551,0
8.518867,0.4232597351074219,0
8.521551,0.42146754264831543,0
8.522478,0.4485607147216797,0
8.561594,0.4341859817504883,0
8.564489,0.4702599048614502,0
8.564688,0.43332529067993164,0
8.565081,0.5006966590881348,0
8.565303,0.4382650852203369,0
8.565509,0.38907790184020996,0
8.565655,0.4439263343811035,0
8.572175,0.40411853790283203,0
8.588221,1.2377684116363525,0
8.61729,0.514214038848877,0
8.624453,0.5058679580688477,0
8.624691,0.44217991828918457,0
8.624938,0.5457789897918701,0
8.630355,0.5207343101501465,0
8.63459,0.5276820659637451,0
8.634837,0.5026350021362305,0
8.635107,0.5347802639007568,0
8.643387,1.243551254272461,0
8.648917,1.273155689239502,0
8.650147,1.2419509887695312,0
8.651612,0.5636401176452637,0
8.65347,0.5262548923492432,0
8.657434,0.4402608871459961,0
8.666384,0.5694711208343506,0
8.668917,0.45258116722106934,0
8.676878,0.5698490142822266,0
8.677035,0.5768942832946777,0
8.690191,1.3387477397918701,0
8.690373,1.2966327667236328,0
8.713567,0.556889533996582,0
8.720177,0.5751080513000488,0
8.723726,0.5750522613525391,0
8.730529,1.3122854232788086,0
8.730792,0.5733509063720703,0
8.750621,0.5274102687835693,0
8.775179,0.6051197052001953,0
8.776134,0.5208308696746826,0
8.781913,0.6635472774505615,0
8.795511,0.548863410949707,0
8.801658,0.5395767688751221,0
8.825064,0.5766997337341309,0
8.834252,0.6709268093109131,0
8.834419,0.6251471042633057,0
8.834636,0.5828285217285156,0
8.839117,0.6049373149871826,0
8.844232,0.6115305423736572,0
8.844386,0.5865826606750488,0
8.849074,0.5905497074127197,0
8.883912,0.765404224395752,0
8.893798,0.775475263595581,0
8.89399,0.7436645030975342,0
8.894229,0.787705659866333,0
8.894393,0.7463011741638184,0
8.894563,0.6548709869384766,0
8.91661,0.7324020862579346,0
8.916809,0.742617130279541,0
8.917025,0.734553337097168,0
8.917194,0.6704995632171631,0
8.918738,0.6449432373046875,0
8.941981,0.6697413921356201,0
8.945619,0.775458574295044,0
8.961003,0.7739262580871582,0
8.974275,0.7499232292175293,0
8.975435,0.636775016784668,0
8.978587,0.7319591045379639,0
8.979611,0.793043851852417,0
8.993135,0.761878252029419,0
8.996655,0.8196334838867188,0
9.001735,0.7837402820587158,0
9.012753,0.7380473613739014,0
9.020768,0.7718062400817871,0
9.023847,0.7475907802581787,0
9.025937,0.9210481643676758,0
9.03058,0.6640591621398926,0
9.031061,0.7918617725372314,0
9.031228,0.8670554161071777,0
9.032426,0.7738077640533447,0
9.034365,0.8589589595794678,0
9.03454,0.8656747341156006,0
9.040832,0.7119903564453125,0
9.04274,0.7473592758178711,0
9.042924,0.7914221286773682,0
9.051432,0.8311004638671875,0
9.053481,0.8014860153198242,0
9.06152,0.7871074676513672,0
9.076028,0.7506937980651855,0
9.077601,0.06330132484436035,0
9.107049,0.8298492431640625,0
9.107969,0.7921807765960693,0
9.114835,0.05187249183654785,0
9.134292,0.8004176616668701,0
9.149887,0.7564918994903564,0
9.154146,0.8636775016784668,0
9.170112,0.7984607219696045,0
9.170988,0.8132836818695068,0
9.190171,0.958674430847168,0
9.190459,0.9624154567718506,0
9.192288,1.0037918090820312,0
9.205441,0.8617591857910156,0
9.205625,0.1562175750732422,0
9.218912,0.907933235168457,0
9.246827,0.7749819755554199,0
9.247218,0.151641845703125,0
9.269739,0.9324550628662109,0
9.276468,0.907008171081543,0
9.281494,0.9429261684417725,0
9.296805,0.983940839767456,0
9.301058,0.26053905487060547,0
9.301215,0.957291841506958,0
9.312269,1.0332345962524414,0
9.352571,0.27210187911987305,0
9.352875,1.032449722290039,0
9.353037,0.9739990234375,0
9.35743,0.2531759738922119,0
9.38242,0.32056617736816406,0
9.387962,1.0942227840423584,0
9.42359,1.0540099143981934,0
9.423955,1.0235028266906738,0
9.445118,0.3134927749633789,0
9.450958,0.31926989555358887,0
9.459859,1.0382359027862549,0
9.466641,0.40830063819885254,0
9.467174,1.1925938129425049,0
9.467643,1.178795576095581,0
9.471513,0.30861449241638184,0
9.471816,0.349163293838501,0
9.481206,0.3903822898864746,0
9.483083,1.0149142742156982,0
9.487853,1.1045572757720947,0
9.490151,1.1640655994415283,0
9.504024,1.1652884483337402,0
9.508628,1.1244111061096191,0
9.512854,1.0837292671203613,0
9.513026,0.36632513999938965,0
9.524678,0.4354121685028076,0
9.535072,1.199347734451294,0
9.547859,0.41464734077453613,0
9.574359,1.194669485092163,0
9.590799,1.1781578063964844,0
9.59665,1.244102954864502,0
9.599568,1.1099581718444824,0
9.604606,0.4680135250091553,0
9.642348,0.45479249954223633,0
9.64806,1.29176926612854,0
9.661605,1.197340965270996,0
9.669942,0.4233407974243164,0
9.676909,1.2854416370391846,0
9.681665,1.2592124938964844,0
9.683198,0.18612384796142578,0
9.684269,0.6676905155181885,0
9.684424,0.5947692394256592,0
9.684593,0.6024811267852783,0
9.694299,1.307643175125122,0
9.69447,1.2630791664123535,0
9.699986,1.30314040184021,0
9.702433,0.5738852024078369,0
9.704225,1.2519516944885254,0
9.704388,1.3994872570037842,0
9.712051,0.6039435863494873,0
9.725847,0.5741071701049805,0
9.738828,0.5179243087768555,0
9.739027,0.7170412540435791,0
9.748514,0.7243382930755615,0
9.755949,0.45961880683898926,0
9.76272,1.4545772075653076,0
9.765217,0.3405158519744873,0
9.770089,0.6590313911437988,0
9.774606,1.3271722793579102,0
9.774781,1.307689905166626,0
9.774978,1.3162639141082764,0
9.780048,0.6406586170196533,0
9.787008,0.640172004699707,0
9.798074,1.5024118423461914,0
9.800448,1.3463051319122314,0
9.809941,0.7031660079956055,0
9.814277,0.5934674739837646,0
9.814464,0.5402677059173584,0
9.82328,1.4584803581237793,0
9.824239,0.3477914333343506,0
9.836065,0.3462393283843994,0
9.838645,1.48246431350708,0
9.843699,1.4889843463897705,0
9.8603,0.42920947074890137,0
9.865351,1.4998977184295654,0
9.866883,0.7089030742645264,0
9.871087,0.38419079780578613,0
9.87152,1.5140581130981445,0
9.874232,1.4392871856689453,0
9.888857,0.7011928558349609,0
9.890765,0.5783038139343262,0
9.893995,1.5275297164916992,0
9.894619,1.5540204048156738,0
9.906646,0.6267614364624023,0
9.9118,0.576890230178833,0
9.911937,0.635042667388916,0
9.934944,1.513354778289795,0
9.951964,0.6270651817321777,0
9.955736,0.6114058494567871,0
9.955882,0.6111624240875244,0
9.973001,0.6480000019073486,0
9.974921,0.8671503067016602,0
9.986953,0.6774201393127441,0
9.988616,0.6512646675109863,0
9.99427,1.5188045501708984,0
10.006819,0.7853965759277344,0
10.011265,0.6564581394195557,0
10.09518,0.7113654613494873,0
10.112317,0.7425737380981445,0
10.113921,0.06106901168823242,0
10.125957,0.06534409523010254,0
10.134719,0.7519514560699463,0
10.134935,0.770331859588623,0
10.144683,0.7595541477203369,0
10.153465,0.8012721538543701,0
10.187591,0.09944915771484375,0
10.218594,0.15547490119934082,0
10.244397,0.8721694946289062,0
10.244627,0.8504223823547363,0
10.244792,0.8353838920593262,0
10.260006,0.8771624565124512,0
10.260208,0.8677694797515869,0
10.27759,0.14323186874389648,0
10.308396,0.1871168613433838,0
10.318011,0.25203919410705566,0
10.344915,0.2735753059387207,0
10.367096,0.29076361656188965,0
10.367369,0.9456791877746582,0
10.395854,0.9367284774780273,0
10.402849,0.30190587043762207,0
10.413516,0.9631507396697998,0
10.416466,0.9866909980773926,0
10.43264,0.9984176158905029,0
10.432877,1.00150465965271,0
10.433058,0.32604241371154785,0
10.43723,0.2575876712799072,0
10.458382,0.2933986186981201,0
10.458589,0.26230788230895996,0
10.474911,0.964815616607666,0
10.500593,1.031895399093628,0
10.509228,0.3975539207458496,0
10.554597,1.0902540683746338,0
10.554931,1.089695930480957,0
10.5551,0.3577725887298584,0
10.601275,0.5670921802520752,0
10.604335,0.3500688076019287,0
10.604504,0.3819880485534668,0
10.609592,0.568911075592041,0
10.643403,0.39189958572387695,0
10.64429,0.6241025924682617,0
10.644445,0.5845475196838379,0
10.664375,0.6501181125640869,0
10.673445,0.6143150329589844,0
10.711561,0.23735260963439941,0
10.716508,0.2427229881286621,0
10.72105,0.32674264907836914,0
10.723664,0.26105690002441406,0
10.72389,0.646601676940918,0
10.724126,0.6640572547912598,0
10.73861,0.42784547805786133,0
10.739878,0.2572453022003174,0
10.74426,0.31827878952026367,0
10.751402,0.2971925735473633,0
10.756141,0.2919342517852783,0
10.768802,0.4703969955444336,0
10.794856,0.34051084518432617,0
10.800145,0.6916861534118652,0
10.800344,0.6628592014312744,0
10.800587,0.6714811325073242,0
10.800748,0.6422004699707031,0
10.809983,0.29876708984375,0
10.82636,0.4037961959838867,0
10.831819,0.40438127517700195,0
10.846076,0.41359663009643555,0
10.85431,0.6991734504699707,0
10.86631,0.7013649940490723,0
10.884321,0.45015454292297363,0
10.884473,0.38843727111816406,0
10.884636,0.3966243267059326,0
10.932164,0.7578685283660889,0
10.936849,0.7726686000823975,0
10.967611,0.7972807884216309,0
10.981569,0.8059837818145752,0
11.011938,0.8349635601043701,0
11.07983,0.05434846878051758,0
11.080535,0.03994584083557129,0
11.115079,0.09377193450927734,0
11.140889,0.11914587020874023,0
11.15396,0.934633731842041,0
11.158496,0.08428072929382324,0
11.182357,0.14977765083312988,0
11.18272,0.14322829246520996,0
11.184901,0.12513113021850586,0
11.189644,0.1591482162475586,0
11.213905,0.9953525066375732,0
11.224337,0.9716958999633789,0
11.23443,0.1918013095855713,0
11.24813,0.9669992923736572,0
11.271785,0.23752450942993164,0
11.278132,0.218095064163208,0
11.27872,0.22404861450195312,0
11.300162,0.24561023712158203,0
11.312759,0.23395824432373047,0
11.313269,0.2525467872619629,0
11.316653,1.0085747241973877,0
11.316823,0.2349109649658203,0
11.317017,0.22570061683654785,0
11.317782,0.2667577266693115,0
11.332317,0.22624611854553223,0
11.35954,0.3153510093688965,0
11.361023,0.266315221786499,0
11.370771,0.3065609931945801,0
11.377406,1.0365967750549316,0
11.377543,0.2921314239501953,0
11.386371,1.041534185409546,0
11.418988,0.35466456413269043,0
11.419175,0.35897254943847656,0
11.429206,0.37006592750549316,0
11.441099,0.37716031074523926,0
11.441286,0.2897298336029053,0
11.442262,0.34988856315612793,0
11.459542,0.34656643867492676,0
11.491452,0.3835108280181885,0
11.544324,0.43808650970458984,0
11.544535,1.1999807357788086,0
11.547485,0.44135451316833496,0
11.582413,0.4620804786682129,0
11.594294,0.5298299789428711,0
11.594491,1.243126630783081,0
11.594743,0.5038502216339111,0
11.594908,1.2437019348144531,0
11.595076,0.4860117435455322,0
11.599854,0.50567626953125,0
11.600041,0.43584370613098145,0
11.600335,0.5028929710388184,0
11.6005,0.4973030090332031,0
11.602115,1.2483980655670166,0
11.604267,0.531888484954834,0
11.604453,0.49667954444885254,0
11.604675,0.5132770538330078,0
11.605324,0.4495563507080078,0
11.624277,0.5300207138061523,0
11.626161,0.4454317092895508,0
11.634333,0.4755055904388428,0
11.6404,0.5543711185455322,0
11.678871,0.20150113105773926,0
11.679846,0.5613296031951904,0
11.692572,0.23566794395446777,0
11.711038,0.5572891235351562,0
11.717506,0.3494722843170166,0
11.726758,0.5749499797821045,0
11.733812,0.6207664012908936,0
11.73863,0.4879899024963379,0
11.751595,0.5985307693481445,0
11.752066,0.5640790462493896,0
11.752484,0.5946929454803467,0
11.75391,1.3971450328826904,0
11.778948,0.6012907028198242,0
11.779164,0.6315042972564697,0
11.791835,0.609734296798706,0
11.799269,1.432316541671753,0
11.802044,0.42254185676574707,0
11.812217,0.5537984371185303,0
11.816286,0.6632254123687744,0
11.831211,0.6268229484558105,0
11.835752,1.4686646461486816,0
11.837383,1.4630839824676514,0
11.84109,0.6828598976135254,0
11.841837,0.6903140544891357,0
11.876363,0.36656999588012695,0
11.882,0.7290759086608887,0
11.882149,0.741471529006958,0
11.882464,0.7281615734100342,0
11.884656,0.754239559173584,0
11.884995,0.45786070823669434,0
11.898078,0.7413809299468994,0
11.903244,0.743474006652832,0
11.907948,0.7305400371551514,0
11.912345,0.4877462387084961,0
11.937639,0.5633490085601807,0
11.952331,0.4637455940246582,0
11.95951,0.7792513370513916,0
12.01265,0.8232419490814209,0
12.018669,0.8307356834411621,0
12.03638,0.8172054290771484,0
12.03658,0.8054823875427246,0
12.043752,0.8195183277130127,0
12.043922,0.8840885162353516,0
12.046642,0.7329385280609131,0
12.058422,0.8241126537322998,0
12.083744,0.9183473587036133,0
12.083882,0.8978862762451172,0
12.08576,0.7609269618988037,0
12.096822,0.76064133644104,0
12.103817,0.9143147468566895,0
12.110616,0.08818197250366211,0
12.110773,0.9001157283782959,0
12.110985,0.8911333084106445,0
12.111144,0.9369230270385742,0
12.11133,0.8838980197906494,0
12.119224,0.06127142906188965,0
12.12049,0.9262123107910156,0
12.125658,0.9554862976074219,0
12.134449,0.9234764575958252,0
12.139643,0.9469048976898193,0
12.139802,0.9207973480224609,0
12.14,0.9186282157897949,0
12.149941,0.9243841171264648,0
12.150343,0.9211635589599609,0
12.150801,0.1092836856842041,0
12.151136,0.9301438331604004,0
12.151401,0.8751623630523682,0
12.151562,0.8620645999908447,0
12.172787,0.836439847946167,0
12.196435,0.8422188758850098,0
12.211099,0.16785693168640137,0
12.211468,0.9166538715362549,0
12.22421,0.12653851509094238,0
12.234401,0.1764216423034668,0
12.238663,0.1808168888092041,0
12.24209,0.21967101097106934,0
12.25202,0.15363121032714844,0
12.253305,0.8980443477630615,0
12.264215,1.0285544395446777,0
12.265266,1.0142934322357178,0
12.281302,0.19122791290283203,0
12.287655,0.9757342338562012,0
12.292212,0.995863676071167,0
12.299803,0.986011266708374,0
12.314243,0.24990081787109375,0
12.345247,1.101013422012329,0
12.356699,1.1071574687957764,0
12.358083,0.26539111137390137,0
12.378334,0.2785170078277588,0
12.381299,0.29709649085998535,0
12.383376,1.0211477279663086,0
12.391832,0.28442811965942383,0
12.39205,0.2915358543395996,0
12.39223,1.0822482109069824,0
12.395986,1.057358980178833,0
12.406445,1.0398449897766113,0
12.412292,1.175898790359497,0
12.432134,0.24201083183288574,0
12.432751,1.158531904220581,0
12.455708,1.178417682647705,0
12.457434,0.3533816337585449,0
12.471686,1.089453935623169,0
12.474314,1.1040184497833252,0
12.478627,0.3691878318786621,0
12.489969,1.068183183670044,0
12.490143,1.104712963104248,0
12.490869,1.1230955123901367,0
12.504801,0.369370698928833,0
12.504989,0.40595221519470215,0
12.505243,0.3635261058807373,0
12.5054,0.3568413257598877,0
12.505581,0.40586256980895996,0
12.514708,1.121293544769287,0
12.534414,1.1657931804656982,0
12.534623,1.1101772785186768,0
12.536295,1.1594386100769043,0
12.545759,0.4170036315917969,0
12.565342,1.1710667610168457,0
12.596197,0.44170069694519043,0
12.596367,0.4240565299987793,0
12.596561,0.40139222145080566,0
12.602227,1.2018020153045654,0
12.619459,1.194831132888794,0
12.620474,0.4716615676879883,0
12.644404,1.2431895732879639,0
12.648258,1.2709941864013672,0
12.654553,0.38994598388671875,0
12.664436,1.2334914207458496,0
12.683406,1.2238926887512207,0
12.684884,0.4608430862426758,0
12.705506,0.22717952728271484,0
12.734358,1.326887845993042,0
12.748863,0.27918076515197754,0
12.751948,0.39053869247436523,0
12.757612,1.2957022190093994,0
12.757818,1.4801902770996094,0
12.75815,1.4313974380493164,0
12.758361,1.4196243286132812,0
12.758536,1.314363956451416,0
12.758714,1.326561450958252,0
12.768656,0.3358290195465088,0
12.776901,1.3084514141082764,0
12.777088,0.7529091835021973,0
12.777305,1.472078561782837,0
12.779822,1.3026163578033447,0
12.781041,0.3486216068267822,0
12.801982,1.4655797481536865,0
12.802191,1.504990816116333,0
12.807184,1.3711812496185303,0
12.807358,1.4235186576843262,0
12.822213,0.4096801280975342,0
12.845243,1.364903211593628,0
12.846335,0.3781900405883789,0
12.850418,0.6598522663116455,0
12.860716,0.5681557655334473,0
12.860868,0.6490597724914551,0
12.861074,0.5619194507598877,0
12.861234,0.5509400367736816,0
12.882875,0.49780893325805664,0
12.895195,0.4189169406890869,0
12.905762,0.7262356281280518,0
12.905906,0.7485866546630859,0
12.906058,0.6530838012695312,0
12.906163,0.6598827838897705,0
12.915664,0.44145894050598145,0
12.941777,0.4836618900299072,0
12.949061,0.5696115493774414,0
12.964296,0.7273967266082764,0
12.964457,0.47148752212524414,0
12.964617,0.7093613147735596,0
12.964741,0.6515920162200928,0
12.984311,0.5131106376647949,0
12.987328,0.5931046009063721,0
13.004581,0.5703656673431396,0
13.010764,0.6965761184692383,0
13.01526,0.6879243850708008,0
13.020879,0.665360689163208,0
13.023553,0.6389896869659424,0
13.023711,0.6712048053741455,0
13.023886,0.683448314666748,0
13.024027,0.5239431858062744,0
13.028498,0.6280741691589355,0
13.075516,0.05948042869567871,0
13.095478,0.07544231414794922,0
13.114325,0.06000018119812012,0
13.126399,0.7312760353088379,0
13.130092,0.10866236686706543,0
13.174304,0.08386635780334473,0
13.19674,0.13763022422790527,0
13.204633,0.8650209903717041,0
13.217971,0.8212521076202393,0
13.218096,0.8631882667541504,0
13.218251,0.8327791690826416,0
13.227608,0.8362510204315186,0
13.227781,0.821662425994873,0
13.231451,0.17499613761901855,0
13.232749,0.8872356414794922,0
13.287596,0.17134714126586914,0
13.287779,0.1653308868408203,0
13.2908,0.8892500400543213,0
13.304321,0.20809078216552734,0
13.32059,0.25635194778442383,0
13.332919,0.18889522552490234,0
13.344657,0.2646939754486084,0
13.344794,0.26455140113830566,0
13.349532,0.9409425258636475,0
13.353005,0.9362263679504395,0
13.353191,0.9410271644592285,0
13.373837,0.22187185287475586,0
13.374335,0.24269604682922363,0
13.374521,0.22237730026245117,0
13.398578,0.29317426681518555,0
13.400075,0.9657037258148193,0
13.403021,0.9733676910400391,0
13.421984,0.9977035522460938,0
13.426762,0.9758405685424805,0
13.458089,0.30107855796813965,0
13.473292,0.32275962829589844,0
13.523178,0.3723278045654297,0
13.524067,0.3620913028717041,0
13.564339,0.3915848731994629,0
13.564583,0.4422147274017334,0
13.564729,0.40633678436279297,0
13.564876,0.4587419033050537,0
13.573271,0.544888973236084,0
13.573505,1.1038470268249512,0
13.573764,0.4636411666870117,0
13.5739,0.46361708641052246,0
13.574352,1.115192174911499,0
13.581271,0.41922712326049805,0
13.594407,0.40885496139526367,0
13.594582,0.43293023109436035,0
13.602178,0.43135690689086914,0
13.605556,1.1451411247253418,0
13.630633,1.1490609645843506,0
13.636417,1.1669220924377441,0
13.654535,0.496915340423584,0
13.713794,0.49184274673461914,0
13.718983,0.46114468574523926,0
13.744056,0.5179128646850586,0
13.755253,0.2809290885925293,0
13.76096,0.5382289886474609,0
13.761511,0.5402424335479736,0
13.761927,0.5054459571838379,0
13.762443,0.6007936000823975,0
13.762842,0.5818414688110352,0
13.770919,0.2666616439819336,0
13.778542,0.7238767147064209,0
13.782357,0.3462197780609131,0
13.785951,0.7227532863616943,0
13.792323,0.6134552955627441,0
13.792557,0.3204481601715088,0
13.811479,0.6204419136047363,0
13.822043,0.6489453315734863,0
13.822386,0.6355476379394531,0
13.823169,0.6245028972625732,0
13.828358,0.5740666389465332,0
13.835153,0.3507804870605469,0
13.850872,0.35312438011169434,0
13.86006,0.42600083351135254,0
13.863855,0.48497819900512695,0
13.864217,0.4689185619354248,0
13.864618,0.6784117221832275,0
13.864846,0.6763308048248291,0
13.870865,0.4133424758911133,0
13.882978,0.6723265647888184,0
13.897294,0.5871376991271973,0
13.899109,0.4612421989440918,0
13.902537,0.5180802345275879,0
13.914587,0.5194296836853027,0
13.91685,0.40685176849365234,0
13.918889,0.5372023582458496,0
13.92028,0.4867551326751709,0
13.938347,0.6640498638153076,0
13.938521,0.6543319225311279,0
13.93873,0.6349115371704102,0
13.943361,0.5681779384613037,0
13.955295,0.5605311393737793,0
13.977547,0.5257797241210938,0
13.989177,0.5648033618927002,0
13.992487,0.6174283027648926,0
14.083455,0.6568098068237305,0
14.08371,0.6809773445129395,0
14.098633,0.04093432426452637,0
14.112996,0.6862533092498779,0
14.113228,0.6793258190155029,0
14.131195,0.09265494346618652,0
14.13561,0.07143521308898926,0
14.147112,0.07938313484191895,0
14.14729,0.1280972957611084,0
14.167756,0.1435256004333496,0
14.188788,0.13431501388549805,0
14.217326,0.16167640686035156,0
14.269379,0.7849047183990479,0
14.274509,0.23165655136108398,0
14.284131,0.17966914176940918,0
14.289841,0.8167638778686523,0
14.30677,0.20135927200317383,0
14.334856,0.8456268310546875,0
14.335111,0.22385025024414062,0
14.343803,0.2411479949951172,0
14.350694,0.28485894203186035,0
14.355703,0.26736879348754883,0
14.355872,0.3114743232727051,0
14.356078,0.24833464622497559,0
14.360656,0.29293012619018555,0
14.366426,0.23538637161254883,0
14.404922,0.26082277297973633,0
14.424698,0.2619650363922119,0
14.43245,0.3556337356567383,0
14.445847,0.3573939800262451,0
14.446616,0.3836936950683594,0
14.458792,0.3507053852081299,0
14.459054,0.30353713035583496,0
14.474331,0.3900938034057617,0
14.475154,0.3702974319458008,0
14.475428,0.38120579719543457,0
14.490275,0.34602928161621094,0
14.492657,0.38338708877563477,0
14.534446,0.41856932640075684,0
14.53476,0.3561875820159912,0
14.534928,0.3987889289855957,0
14.540609,1.0393941402435303,0
14.540779,0.5035326480865479,0
14.540971,0.4955928325653076,0
14.541105,0.4623591899871826,0
14.563859,0.39548182487487793,0
14.590176,0.4811549186706543,0
14.604343,0.43723416328430176,0
14.613831,0.4264647960662842,0
14.621286,0.46528077125549316,0
14.624283,0.4500436782836914,0
14.62446,0.4457089900970459,0
14.637218,0.46288609504699707,0
14.644341,0.5886132717132568,0
14.644524,0.500847339630127,0
14.673103,0.49446702003479004,0
14.676492,0.5197975635528564,0
14.694413,0.5459272861480713,0
14.694602,0.5460555553436279,0
14.694797,0.5404055118560791,0
14.724416,0.5356321334838867,0
14.724605,0.5337936878204346,0
14.734421,0.6397724151611328,0
14.744452,0.3402059078216553,0
14.769683,0.6010870933532715,0
14.77055,0.37328052520751953,0
14.780146,0.6073534488677979,0
14.783691,0.2935206890106201,0
14.814211,0.7014749050140381,0
14.814351,0.6889634132385254,0
14.81934,0.6979410648345947,0
14.840791,0.4123721122741699,0
14.845269,0.685736894607544,0
14.845436,0.7038078308105469,0
14.845632,0.6772093772888184,0
14.845781,0.6322224140167236,0
14.857302,0.6657156944274902,0
14.859536,0.503220796585083,0
14.87041,0.5228738784790039,0
14.874312,0.6476657390594482,0
14.874487,0.6856560707092285,0
14.878163,0.7108199596405029,0
14.881083,0.7268226146697998,0
14.881282,0.6994204521179199,0
14.881502,0.700892448425293,0
14.889064,0.7647271156311035,0
14.902618,0.5860166549682617,0
14.902789,0.5066704750061035,0
14.920814,0.7768621444702148,0
14.929982,0.4746403694152832,0
14.933549,0.7203414440155029,0
14.938748,0.7013254165649414,0
14.944183,0.7859861850738525,0
14.944381,0.7475979328155518,0
14.944609,0.7103660106658936,0
14.94678,0.6958856582641602,0
14.946962,0.6936070919036865,0
14.950664,0.5262329578399658,0
14.95418,0.6599278450012207,0
14.958306,0.6431441307067871,0
14.958446,0.6521432399749756,0
14.974281,0.792266845703125,0
14.974823,0.7169711589813232,0
14.975015,0.7545416355133057,0
14.975249,0.7373456954956055,0
14.975415,0.7368834018707275,0
14.975653,0.7209985256195068,0
14.977535,0.5503933429718018,0
14.993771,0.6449427604675293,0
15.034715,0.710460901260376,0
15.034913,0.6651098728179932,0
15.04755,0.6148548126220703,0
15.067589,0.037982940673828125,0
15.089928,0.6230130195617676,0
15.09552,0.6969830989837646,0
15.099759,0.6333513259887695,0
15.102209,0.6446278095245361,0
15.109293,0.6810472011566162,0
15.114261,0.07983779907226562,0
15.129914,0.782461404800415,0
15.148118,0.8943517208099365,0
15.156006,0.1117861270904541,0
15.162994,0.9086756706237793,0
15.188316,0.690605640411377,0
15.188693,0.8358621597290039,0
15.193406,0.6861131191253662,0
15.201249,0.7748017311096191,0
15.225921,0.15836620330810547,0
15.237736,0.2034165859222412,0
15.246053,0.8087053298950195,0
15.246359,0.7956857681274414,0
15.247742,0.19288253784179688,0
15.294588,0.23771119117736816,0
15.314376,0.22199034690856934,0
15.314718,0.23250889778137207,0
15.315003,0.2893807888031006,0
15.321626,0.261915922164917,0
15.325688,0.2629728317260742,0
15.328398,0.2594153881072998,0
15.340997,0.954275369644165,0
15.341287,0.2788522243499756,0
15.347155,0.2516963481903076,0
15.381037,0.29679083824157715,0
15.399169,0.3449082374572754,0
15.405585,0.3410344123840332,0
15.410274,0.34558653831481934,0
15.41064,0.29378533363342285,0
15.411062,0.25655555725097656,0
15.456053,0.381544828414917,0
15.460332,0.3260941505432129,0
15.480184,0.40995359420776367,0
15.488304,0.3896162509918213,0
15.498648,0.41877269744873047,0
15.50246,1.0882172584533691,0
15.508423,1.0900206565856934,0
15.522014,0.4499938488006592,0
15.542271,0.39672374725341797,0
15.5467,0.4777984619140625,0
15.55193,0.3965439796447754,0
15.564333,1.177396297454834,0
15.564514,1.1637303829193115,0
15.564741,1.1362659931182861,0
15.569871,0.4135303497314453,0
15.572973,0.435366153717041,0
15.574394,0.47540855407714844,0
15.575485,0.4616053104400635,0
15.584305,0.4890172481536865,0
15.590141,0.47847867012023926,0
15.590322,0.5030243396759033,0
15.594284,0.481184720993042,0
15.594437,0.4439969062805176,0
15.628026,0.5270481109619141,0
15.644342,1.1914362907409668,0
15.66071,1.2102079391479492,0
15.667968,0.5188460350036621,0
15.668779,0.5533308982849121,0
15.675436,0.5628902912139893,0
15.68089,0.5711276531219482,0
15.68156,0.3851735591888428,0
15.700784,1.236557960510254,0
15.703539,0.6098144054412842,0
15.729599,1.3022236824035645,0
15.74287,0.568274736404419,0
15.745451,0.4311237335205078,0
15.760408,0.628178596496582,0
15.761138,0.6491920948028564,0
15.773217,0.5829968452453613,0
15.781328,0.31029272079467773,0
15.790156,0.6639878749847412,0
15.796967,0.673292875289917,0
15.80423,1.3321340084075928,0
15.808534,0.6399929523468018,0
15.811423,0.628591775894165,0
15.818591,0.6899516582489014,0
15.831419,0.68719482421875,0
15.8366,0.6467392444610596,0
15.839191,0.6644690036773682,0
15.851111,0.656667947769165,0
15.851589,0.6208722591400146,0
15.852166,0.6522121429443359,0
15.854389,0.5175037384033203,0
15.857448,0.6128566265106201,0
15.869962,0.4927785396575928,0
15.878957,0.39843297004699707,0
15.880622,0.5087041854858398,0
15.885861,1.4021079540252686,0
15.8954,1.4055085182189941,0
15.898586,0.48822855949401855,0
15.898775,0.38668155670166016,0
15.900273,0.7600390911102295,0
15.905906,0.3916807174682617,0
15.922341,0.5360095500946045,0
15.929322,0.4596717357635498,0
15.934213,0.5520205497741699,0
15.938517,0.4692521095275879,0
15.949796,0.8054013252258301,0
15.988783,0.615607500076294,0
15.990927,0.5268516540527344,0
15.999931,0.5748720169067383,0
16.015902,0.861663818359375,0
16.016918,0.63912034034729,0
16.032755,0.8751401901245117,0
16.043071,0.6403727531433105,0
16.043457,0.5572469234466553,0
16.050039,0.6246964931488037,0
16.057804,0.6095833778381348,0
16.059509,0.6502673625946045,0
16.059863,0.7204172611236572,0
16.065099,0.7242975234985352,0
16.065271,0.7256350517272949,0
16.065393,0.6948385238647461,0
16.06555,0.7038767337799072,0
16.075706,0.9062802791595459,0
16.094023,0.07304620742797852,0
16.104161,0.587134599685669,0
16.104367,0.6054680347442627,0
16.124551,0.06476855278015137,0
16.130378,0.05247807502746582,0
16.131726,0.9473495483398438,0
16.13879,0.9691510200500488,0
16.139,0.703371524810791,0
16.139239,0.6549899578094482,0
16.168029,0.9767534732818604,0
16.174399,0.7670345306396484,0
16.174589,0.07065057754516602,0
16.19137,0.1518995761871338,0
16.218463,0.16917085647583008,0
16.227556,0.18332600593566895,0
16.239778,0.18449044227600098,0
16.243198,0.18336939811706543,0
16.272028,0.17591476440429688,0
16.28116,0.17530298233032227,0
16.295776,0.8241469860076904,0
16.310232,0.24967575073242188,0
16.310434,0.20413684844970703,0
16.320627,0.21941184997558594,0
16.338117,0.9326465129852295,0
16.342215,0.24260258674621582,0
16.368586,0.3494753837585449,0
16.384149,0.9585864543914795,0
16.387698,1.162358045578003,0
16.387959,1.1948602199554443,0
16.388125,1.160200834274292,0
16.389983,0.20273256301879883,0
16.397733,0.290449857711792,0
16.397975,0.333721399307251,0
16.412738,0.3432478904724121,0
16.412936,0.29520606994628906,0
16.413143,0.3442096710205078,0
16.41327,0.3222501277923584,0
16.421808,1.17641019821167,0
16.435505,0.31125473976135254,0
16.446358,0.3875901699066162,0
16.451231,0.38350868225097656,0
16.452616,0.3695387840270996,0
16.452762,0.29846835136413574,0
16.452975,0.3212246894836426,0
16.458579,0.25673818588256836,0
16.494357,0.38419151306152344,0
16.517352,0.3829629421234131,0
16.517564,1.2584989070892334,0
16.522498,1.2214012145996094,0
16.564124,0.3544149398803711,0
16.564439,0.5008394718170166,0
16.564624,0.42923927307128906,0
16.564835,0.4085240364074707,0
16.564982,0.39309072494506836,0
16.565145,0.4400975704193115,0
16.565284,0.4038846492767334,0
16.584769,0.36302709579467773,0
16.624452,0.5525946617126465,0
16.624684,0.5003390312194824,0
16.624888,0.46482133865356445,0
16.631848,0.4576132297515869,0
16.640725,1.2960259914398193,0
16.674338,0.4862055778503418,0
16.675142,0.5206055641174316,0
16.684303,1.3378758430480957,0
16.684471,1.367614507675171,0
16.694272,0.4978647232055664,0
16.69444,0.4712364673614502,0
16.704469,0.47948312759399414,0
16.704739,0.45999717712402344,0
16.705551,0.512610912322998,0
16.721588,1.3607008457183838,0
16.736924,0.480480432510376,0
16.757182,0.5605521202087402,0
16.763048,0.538344144821167,0
16.790976,0.6366221904754639,0
16.800154,0.5546514987945557,0
16.800368,0.5753581523895264,0
16.802444,1.4334356784820557,0
16.802588,1.4519047737121582,0
16.811696,0.6711347103118896,0
16.846832,0.39421606063842773,0
16.854418,0.6919236183166504,0
16.854668,0.6837751865386963,0
16.854901,0.626258134841919,0
16.855025,0.6907680034637451,0
16.855161,0.6901657581329346,0
16.855256,0.6655628681182861,0
16.85591,0.6830708980560303,0
16.85758,0.4256930351257324,0
16.858834,0.37795376777648926,0
16.865324,0.6785221099853516,0
16.891826,0.455808162689209,0
16.903108,0.5407402515411377,0
16.927352,0.41039443016052246,0
16.930701,0.47400760650634766,0
16.93088,0.45839691162109375,0
16.934279,0.45200252532958984,0
16.934436,0.4302370548248291,0
16.938857,0.5091841220855713,0
16.947237,0.7729487419128418,0
16.967966,0.5105586051940918,0
16.974246,0.5392382144927979,0
16.974373,0.5369625091552734,0
16.974531,0.5445587635040283,0
16.97651,0.5024125576019287,0
16.982819,0.8003110885620117,0
16.98793,0.7529962062835693,0
17.026606,0.7824134826660156,0
17.031766,0.79901123046875,0
17.035031,0.8543577194213867,0
17.062306,0.6840081214904785,0
17.103781,0.6295294761657715,0
17.112561,0.7183640003204346,0
17.135571,0.7380671501159668,0
17.135823,0.07838940620422363,0
17.154583,0.13249421119689941,0
17.154809,0.11828207969665527,0
17.158745,0.09979248046875,0
17.164678,0.6465492248535156,0
17.164896,0.7791461944580078,0
17.16531,0.818688154220581,0
17.196662,0.1278548240661621,0
17.226234,0.18201160430908203,0
17.22648,0.16017746925354004,0
17.226645,0.16384625434875488,0
17.254091,0.2111058235168457,0
17.260657,0.1772167682647705,0
17.26088,0.19214940071105957,0
17.261057,0.1723320484161377,0
17.265986,0.2050914764404297,0
17.281479,0.20249319076538086,0
17.282964,0.1851489543914795,0
17.298041,0.22803664207458496,0
17.307991,0.23989605903625488,0
17.334536,0.2741355895996094,0
17.375922,0.2502305507659912,0
17.384415,0.2501986026763916,0
17.385418,0.28786635398864746,0
17.387674,0.2940239906311035,0
17.388945,0.2846791744232178,0
17.408599,0.2639286518096924,0
17.436432,0.33211708068847656,0
17.454437,0.31906867027282715,0
17.468582,0.3041870594024658,0
17.47468,0.4045677185058594,0
17.498798,0.33345627784729004,0
17.50222,0.3968386650085449,0
17.511061,0.407895565032959,0
17.564314,0.40670108795166016,0
17.564599,0.32869744300842285,0
17.564756,0.4539496898651123,0
17.606832,0.43486857414245605,0
17.61199,0.4577512741088867,0
17.644247,0.41824960708618164,0
17.644394,0.41446900367736816,0
17.644598,0.46285462379455566,0
17.6516,0.46141886711120605,0
17.665485,0.47988080978393555,0
17.672041,0.41672492027282715,0
17.673492,0.4782428741455078,0
17.70006,0.4575612545013428,0
17.701205,0.47669029235839844,0
17.705215,0.4496121406555176,0
17.715483,0.43481874465942383,0
17.71585,0.47101664543151855,0
17.724553,0.6101901531219482,0
17.724873,0.6104090213775635,0
17.725346,0.5237176418304443,0
17.73036,0.46990394592285156,0
17.77492,0.2643263339996338,0
17.781204,0.556610107421875,0
17.793569,0.3292572498321533,0
17.799904,0.5084676742553711,0
17.814527,0.3223848342895508,0
17.815354,0.3896036148071289,0
17.822145,0.502784013748169,0
17.829728,0.3291451930999756,0
17.830728,0.33005738258361816,0
17.833324,0.7172708511352539,0
17.833518,0.6727430820465088,0
17.833737,0.6793689727783203,0
17.833897,0.6764266490936279,0
17.834059,0.6755805015563965,0
17.834336,0.6507277488708496,0
17.839442,0.6640069484710693,0
17.844541,0.5790257453918457,0
17.845183,0.47374558448791504,0
17.849867,0.5685217380523682,0
17.853976,0.5524065494537354,0
17.854233,0.5632510185241699,0
17.90203,0.49503111839294434,0
17.903543,0.507699728012085,0
17.933458,0.4713141918182373,0
17.945983,0.4717259407043457,0
17.955989,0.47763705253601074,0
17.957098,0.5298845767974854,0
17.972218,0.550311803817749,0
18.056451,0.676422119140625,0
18.064291,0.6422855854034424,0
18.064988,0.660153865814209,0
18.067033,0.03865861892700195,0
18.069174,0.040617942810058594,0
18.080529,0.6262779235839844,0
18.09935,0.05190587043762207,0
18.115062,0.05873823165893555,0
18.117752,0.07138323783874512,0
18.136797,0.0781099796295166,0
18.160374,0.0800924301147461,0
18.166141,0.7353074550628662,0
18.194664,0.13589096069335938,0
18.203613,0.11375665664672852,0
18.204897,0.17055511474609375,0
18.205057,0.16734910011291504,0
18.206172,0.1321878433227539,0
18.217239,0.16595172882080078,0
18.217423,0.15011382102966309,0
18.217978,0.14576959609985352,0
18.248019,0.18131589889526367,0
18.284463,0.1758122444152832,0
18.284684,0.17681384086608887,0
18.284924,0.21851778030395508,0
18.304549,0.23505020141601562,0
18.311595,0.19865679740905762,0
18.317519,0.2568967342376709,0
18.321544,0.1943674087524414,0
18.324011,0.21753144264221191,0
18.330293,0.2501225471496582,0
18.347741,0.23349428176879883,0
18.348419,0.2396984100341797,0
18.361849,0.22415804862976074,0
18.371647,0.2593686580657959,0
18.433614,0.2986025810241699,0
18.463249,0.3227362632751465,0
18.464217,0.30875444412231445,0
18.472738,0.39234399795532227,0
18.472963,0.34940028190612793,0
18.473126,0.32756543159484863,0
18.47347,0.314288854598999,0
18.482495,0.36705994606018066,0
18.488689,0.3360412120819092,0
18.541792,0.38517022132873535,0
18.541989,0.37503528594970703,0
18.546756,0.4449281692504883,0
18.563089,0.38483476638793945,0
18.56425,0.426912784576416,0
18.567766,0.41501617431640625,0
18.574315,0.45999670028686523,0
18.584312,0.40575146675109863,0
18.594367,0.44342637062072754,0
18.594985,0.4378538131713867,0
18.595713,0.43674659729003906,0
18.596203,0.42136120796203613,0
18.59824,0.450772762298584,0
18.604423,0.5374722480773926,0
18.608577,0.47214198112487793,0
18.612145,0.44508838653564453,0
18.6152,0.4970102310180664,0
18.6154,0.46805858612060547,0
18.615625,0.46019768714904785,0
18.641772,0.46163344383239746,0
18.684451,0.49018430709838867,0
18.744625,0.5724186897277832,0
18.760437,0.5600523948669434,0
18.760665,0.5864772796630859,0
18.762564,0.5852429866790771,0
18.762761,0.6025547981262207,0
18.766644,0.27190351486206055,0
18.781806,0.603691577911377,0
18.788871,0.5724284648895264,0
18.79205,0.5452189445495605,0
18.793003,0.6014127731323242,0
18.804431,0.618297815322876,0
18.804727,0.5868320465087891,0
18.804924,0.6291842460632324,0
18.823482,0.3953983783721924,0
18.82425,0.6400465965270996,0
18.824423,0.6491057872772217,0
18.824619,0.6675822734832764,0
18.824751,0.6329412460327148,0
18.828844,0.6016864776611328,0
18.843168,0.6434526443481445,0
18.858177,0.5996062755584717,0
18.858345,0.5996208190917969,0
18.858555,0.6718671321868896,0
18.8587,0.6178710460662842,0
18.860636,0.3860912322998047,0
18.862756,0.6638898849487305,0
18.86455,0.6372115612030029,0
18.864952,0.6187601089477539,0
18.866184,0.34643054008483887,0
18.870814,0.3527038097381592,0
18.894863,0.40914440155029297,0
18.902661,0.6218624114990234,0
18.908424,0.6499917507171631,0
18.90858,0.6507017612457275,0
18.914193,0.6673376560211182,0
18.924462,0.41342616081237793,0
18.934703,0.46563053131103516,0
18.944971,0.7261326313018799,0
18.945296,0.7287704944610596,0
18.945699,0.7186198234558105,0
18.94595,0.7184956073760986,0
18.955007,0.4768366813659668,0
18.981643,0.46257853507995605,0
18.994472,0.7075686454772949,0
18.99484,0.4994659423828125,0
19.044335,0.7401266098022461,0
19.05592,0.7379891872406006,0
19.102326,0.042484283447265625,0
19.10753,0.08392620086669922,0
19.116572,0.8120639324188232,0
19.132914,0.7893154621124268,0
19.135591,0.07713484764099121,0
19.14016,0.10448670387268066,0
19.172322,0.8524181842803955,0
19.177671,0.1351163387298584,0
19.190349,0.8421468734741211,0
19.196698,0.13490033149719238,0
19.221952,0.0574188232421875,0
19.222182,0.15604043006896973,0
19.222388,0.15810847282409668,0
19.232215,0.15620017051696777,0
19.238538,0.17540788650512695,0
19.282798,0.08855056762695312,0
19.326518,0.9715733528137207,0
19.331008,0.26328420639038086,0
19.336546,0.17451906204223633,0
19.353449,1.000138282775879,0
19.385219,1.0366804599761963,0
19.391131,0.18691205978393555,0
19.391353,0.1970360279083252,0
19.398564,0.31013011932373047,0
19.399738,1.0460703372955322,0
19.403723,0.33950066566467285,0
19.424472,0.31038808822631836,0
19.444714,0.27099013328552246,0
19.451729,0.38926053047180176,0
19.476217,1.1145236492156982,0
19.476362,0.40564894676208496,0
19.476573,0.28411173820495605,0
19.476722,0.2924997806549072,0
19.478962,0.3976106643676758,0
19.495835,0.4073178768157959,0
19.496029,0.38568949699401855,0
19.51932,0.40450000762939453,0
19.519505,1.1555283069610596,0
19.534262,0.3096895217895508,0
19.542767,0.31073904037475586,0
19.554265,0.4452784061431885,0
19.554403,0.40645360946655273,0
19.574291,0.44142818450927734,0
19.574476,0.4369511604309082,0
19.575402,0.4257791042327881,0
19.60427,0.3721189498901367,0
19.609608,0.4623291492462158,0
19.610456,0.45722365379333496,0
19.614324,1.1830103397369385,0
19.652091,0.49425172805786133,0
19.656634,1.2285826206207275,0
19.65749,0.4043149948120117,0
19.658869,0.41733360290527344,0
19.670551,0.49674153327941895,0
19.712996,1.2500357627868652,0
19.713148,1.253755807876587,0
19.717244,0.5630147457122803,0
19.740015,0.49265122413635254,0
19.740242,0.49158620834350586,0
19.740463,0.4824962615966797,0
19.740583,0.4851839542388916,0
19.762902,0.5853919982910156,0
19.76717,0.5130550861358643,0
19.772876,0.5814580917358398,0
19.809993,0.5521137714385986,0
19.813728,0.6490135192871094,0
19.813909,0.5296978950500488,0
19.816109,0.559253454208374,0
19.83344,1.3492240905761719,0
19.836946,0.552128791809082,0
19.839805,0.45960545539855957,0
19.840521,0.6505591869354248,0
19.845955,1.3811423778533936,0
19.850836,0.5810554027557373,0
19.854189,0.55460524559021,0
19.859914,0.3705606460571289,0
19.862506,0.5997035503387451,0
19.868168,0.511324405670166,0
19.868872,0.6701610088348389,0
19.872324,1.3659512996673584,0
19.877962,0.4382462501525879,0
19.879987,0.42024731636047363,0
19.88599,0.5047311782836914,0
19.896402,0.618337869644165,0
19.92308,0.5522668361663818,0
19.929055,0.4676198959350586,0
19.931378,0.5668106079101562,0
19.937618,0.4255259037017822,0
19.940867,0.6729447841644287,0
19.943572,0.5617115497589111,0
19.943994,0.709749698638916,0
19.947156,0.7617950439453125,0
19.947814,0.4329850673675537,0
19.9483,0.755932092666626,0
19.971947,0.5156044960021973,0
